{"nodes": [{"group": 1, "id": "#AFCU23"}, {"group": 1, "id": "the afcu23 championship"}, {"group": 1, "id": "the match live"}, {"group": 1, "id": "match live at"}, {"group": 1, "id": "in the afcu23"}, {"group": 1, "id": "malaysia afcu23 irqvmas"}, {"group": 1, "id": "for vs afcu23"}, {"group": 1, "id": "afcu23 irqmas bangkitbersama"}, {"group": 1, "id": "lineups for vs"}, {"group": 1, "id": "fulltime statistics for"}, {"group": 1, "id": "starting lineups for"}, {"group": 1, "id": "of the afcu23"}, {"group": 1, "id": "against malaysia afcu23"}, {"group": 1, "id": "irqvmasfollow the match"}, {"group": 1, "id": "10 lead against"}, {"group": 1, "id": "halftime statistics for"}, {"group": 1, "id": "a 10 lead"}, {"group": 1, "id": "jorvksafollow the match"}, {"group": 1, "id": "in the first"}, {"group": 1, "id": "afcu23 irqvmasfollow the"}, {"group": 1, "id": "all the best"}, {"group": 2, "id": "#EurAsiaCup"}, {"group": 2, "id": "europe stripe show"}, {"group": 2, "id": "glenmarie golf country"}, {"group": 2, "id": "in the eurasiacup"}, {"group": 2, "id": "stripe show eurasiacup"}, {"group": 2, "id": "golf country club"}, {"group": 2, "id": "team europe stripe"}, {"group": 2, "id": "dubai before heading"}, {"group": 2, "id": "back nine practise"}, {"group": 2, "id": "practicing in dubai"}, {"group": 2, "id": "pieters practicing in"}, {"group": 2, "id": "what happened at"}, {"group": 2, "id": "eurasiacup in malaysia"}, {"group": 2, "id": "this morningteameurope eurasiacup"}, {"group": 2, "id": "happened at the"}, {"group": 2, "id": "practise this morningteameurope"}, {"group": 2, "id": "at the last"}, {"group": 2, "id": "nine practise this"}, {"group": 2, "id": "to the eurasiacup"}, {"group": 2, "id": "golfingworld rt europeantour"}, {"group": 2, "id": "at glenmarie golf"}, {"group": 3, "id": "#MH370"}, {"group": 3, "id": "search for mh370"}, {"group": 3, "id": "the search for"}, {"group": 3, "id": "search for missing"}, {"group": 3, "id": "malaysia airlines flight"}, {"group": 3, "id": "airlines flight mh370"}, {"group": 3, "id": "missing malaysia airlines"}, {"group": 3, "id": "ocean infinity to"}, {"group": 3, "id": "company ocean infinity"}, {"group": 3, "id": "resume search for"}, {"group": 3, "id": "for missing malaysia"}, {"group": 3, "id": "the malaysian government"}, {"group": 3, "id": "search for the"}, {"group": 3, "id": "to resume search"}, {"group": 3, "id": "malaysian government has"}, {"group": 3, "id": "for missing mh370"}, {"group": 3, "id": "to 70 million"}, {"group": 3, "id": "up to 70"}, {"group": 3, "id": "for malaysia airlines"}, {"group": 3, "id": "of the biggest"}, {"group": 3, "id": "for the missing"}, {"group": 4, "id": "#iHeartAwards"}, {"group": 4, "id": "iheartawards bestboyband bts"}, {"group": 4, "id": "bestboyband bts btstwt"}, {"group": 4, "id": "bestfanarmy btsarmy btstwt"}, {"group": 4, "id": "iheartawards bestfanarmy btsarmy"}, {"group": 4, "id": "rt to vote"}, {"group": 4, "id": "bts for bestboyband"}, {"group": 4, "id": "vote bts for"}, {"group": 4, "id": "bestboyband at iheartawards"}, {"group": 4, "id": "for bestboyband at"}, {"group": 4, "id": "i vote bts"}, {"group": 4, "id": "for the bestboyband"}, {"group": 4, "id": "to vote iheartawards"}, {"group": 4, "id": "btsarmy bestfanarmy iheartawards"}, {"group": 4, "id": "for the iheartawards"}, {"group": 4, "id": "at iheartawards btstwt"}, {"group": 4, "id": "bts bestboyband iheartawards"}, {"group": 4, "id": "iheartawards btsarmy bestfanarmy"}, {"group": 4, "id": "at the iheartawards"}, {"group": 4, "id": "btstwt btsarmy bestfanarmy"}, {"group": 4, "id": "whydontwemusic for the"}, {"group": 5, "id": "#kltu"}, {"group": 5, "id": "selamat sampai ke"}, {"group": 5, "id": "lancar di sepanjang"}, {"group": 5, "id": "sampai ke destinasi"}, {"group": 5, "id": "di sepanjang lebuhraya"}, {"group": 5, "id": "trafik lancar di"}, {"group": 5, "id": "kecamatancisitu batudua kltu"}, {"group": 5, "id": "trafik bergerak lancarcuaca"}, {"group": 5, "id": "landscape pagipagi at"}, {"group": 5, "id": "at cisituwisata kecamatancisitu"}, {"group": 5, "id": "good landscape pagipagi"}, {"group": 5, "id": "lebuhraya lekas e21"}, {"group": 5, "id": "batudua kltu jbtu"}, {"group": 5, "id": "cisituwisata kecamatancisitu batudua"}, {"group": 5, "id": "kltu jbtu sumedang"}, {"group": 5, "id": "pagipagi at cisituwisata"}, {"group": 5, "id": "lama hatihati memandu"}, {"group": 5, "id": "fasa dipersimpangan kuchai"}, {"group": 5, "id": "3 fasa dipersimpangan"}, {"group": 5, "id": "bergerak lancarcuaca baikselamat"}, {"group": 5, "id": "dipersimpangan kuchai lama"}, {"group": 6, "id": "Guan Eng"}, {"group": 6, "id": "lim guan eng"}, {"group": 6, "id": "says guan eng"}, {"group": 6, "id": "guan eng asks"}, {"group": 6, "id": "you investigating guan"}, {"group": 6, "id": "investigating guan eng"}, {"group": 6, "id": "tunnel probe what"}, {"group": 6, "id": "are you investigating"}, {"group": 6, "id": "what are you"}, {"group": 6, "id": "probe what are"}, {"group": 6, "id": "26 may 25"}, {"group": 6, "id": "eng asks macc"}, {"group": 6, "id": "pledges guan eng"}, {"group": 6, "id": "guan engs graft"}, {"group": 6, "id": "engs graft trial"}, {"group": 6, "id": "march 26 may"}, {"group": 6, "id": "guan eng adm"}, {"group": 6, "id": "for march 26"}, {"group": 6, "id": "will not forget"}, {"group": 6, "id": "eng asks of"}, {"group": 6, "id": "they electionrelated guan"}, {"group": 7, "id": "Iraq"}, {"group": 7, "id": "in iraq and"}, {"group": 7, "id": "the iraq war"}, {"group": 7, "id": "iraq and afghanistan"}, {"group": 7, "id": "invasion of iraq"}, {"group": 7, "id": "was purged from"}, {"group": 7, "id": "serving in iraq"}, {"group": 7, "id": "war in iraq"}, {"group": 7, "id": "who was purged"}, {"group": 7, "id": "2018 afc u23"}, {"group": 7, "id": "different battles in"}, {"group": 7, "id": "30 2017 rip"}, {"group": 7, "id": "members of isis"}, {"group": 7, "id": "in iraq he"}, {"group": 7, "id": "in different battles"}, {"group": 7, "id": "killed almost 350"}, {"group": 7, "id": "in changshu china"}, {"group": 7, "id": "assigned to the"}, {"group": 7, "id": "after he killed"}, {"group": 7, "id": "afc u23 championship"}, {"group": 7, "id": "350 members of"}, {"group": 8, "id": "Japan"}, {"group": 8, "id": "on dmm japan"}, {"group": 8, "id": "you want to"}, {"group": 8, "id": "go to japan"}, {"group": 8, "id": "the lisiting on"}, {"group": 8, "id": "if you want"}, {"group": 8, "id": "japan pro wrestling"}, {"group": 8, "id": "lisiting on dmm"}, {"group": 8, "id": "went to japan"}, {"group": 8, "id": "hours away 27"}, {"group": 8, "id": "of the year"}, {"group": 8, "id": "day like this"}, {"group": 8, "id": "in japan tomorrow"}, {"group": 8, "id": "japan is only"}, {"group": 8, "id": "luxurytravel hokkaido niseko"}, {"group": 8, "id": "i dont think"}, {"group": 8, "id": "hokkaido niseko japan"}, {"group": 8, "id": "27 million users"}, {"group": 8, "id": "tokyo and kyoto"}, {"group": 8, "id": "to go to"}, {"group": 8, "id": "only hours away"}, {"group": 9, "id": "Kuala Lumpur"}, {"group": 9, "id": "in kuala lumpur"}, {"group": 9, "id": "kuala lumpur malaysia"}, {"group": 9, "id": "from kuala lumpur"}, {"group": 9, "id": "to kuala lumpur"}, {"group": 9, "id": "at kuala lumpur"}, {"group": 9, "id": "malaysia kl kualalumpur"}, {"group": 9, "id": "fanmeeting in kuala"}, {"group": 9, "id": "wanna one 1st"}, {"group": 9, "id": "is definitely the"}, {"group": 9, "id": "definitely the only"}, {"group": 9, "id": "luxuryhotel luxurytravel luxuryspa"}, {"group": 9, "id": "the only place"}, {"group": 9, "id": "this is definitely"}, {"group": 9, "id": "only place to"}, {"group": 9, "id": "kl kualalumpur majestichotel"}, {"group": 9, "id": "majestichotel luxuryhotel luxurytravel"}, {"group": 9, "id": "hotel kuala lumpur"}, {"group": 9, "id": "kualalumpur majestichotel luxuryhotel"}, {"group": 9, "id": "majestic hotel kuala"}, {"group": 9, "id": "fm in kuala"}, {"group": 10, "id": "Saudi Arabia"}, {"group": 10, "id": "in saudi arabia"}, {"group": 10, "id": "saudi arabia to"}, {"group": 10, "id": "saudi arabia and"}, {"group": 10, "id": "to saudi arabia"}, {"group": 10, "id": "of saudi arabia"}, {"group": 10, "id": "to perform umrah"}, {"group": 10, "id": "saudi arabia is"}, {"group": 10, "id": "from saudi arabia"}, {"group": 10, "id": "for the first"}, {"group": 10, "id": "arabia to perform"}, {"group": 10, "id": "women in saudi"}, {"group": 10, "id": "arabia will be"}, {"group": 10, "id": "the first time"}, {"group": 10, "id": "saudi arabia will"}, {"group": 10, "id": "matches for the"}, {"group": 10, "id": "salman has embarked"}, {"group": 10, "id": "saudi arabia117 italy154"}, {"group": 10, "id": "france159 us167 uk176"}, {"group": 10, "id": "has embarked on"}, {"group": 10, "id": "bin salman has"}], "links": [{"source": "#AFCU23", "target": "the afcu23 championship", "value": 1}, {"source": "#AFCU23", "target": "the match live", "value": 1}, {"source": "#AFCU23", "target": "match live at", "value": 1}, {"source": "#AFCU23", "target": "in the afcu23", "value": 1}, {"source": "#AFCU23", "target": "malaysia afcu23 irqvmas", "value": 1}, {"source": "#AFCU23", "target": "for vs afcu23", "value": 1}, {"source": "#AFCU23", "target": "afcu23 irqmas bangkitbersama", "value": 1}, {"source": "#AFCU23", "target": "lineups for vs", "value": 1}, {"source": "#AFCU23", "target": "fulltime statistics for", "value": 1}, {"source": "#AFCU23", "target": "starting lineups for", "value": 1}, {"source": "#AFCU23", "target": "of the afcu23", "value": 1}, {"source": "#AFCU23", "target": "against malaysia afcu23", "value": 1}, {"source": "#AFCU23", "target": "irqvmasfollow the match", "value": 1}, {"source": "#AFCU23", "target": "10 lead against", "value": 1}, {"source": "#AFCU23", "target": "halftime statistics for", "value": 1}, {"source": "#AFCU23", "target": "a 10 lead", "value": 1}, {"source": "#AFCU23", "target": "jorvksafollow the match", "value": 1}, {"source": "#AFCU23", "target": "in the first", "value": 1}, {"source": "#AFCU23", "target": "afcu23 irqvmasfollow the", "value": 1}, {"source": "#AFCU23", "target": "all the best", "value": 1}, {"source": "#EurAsiaCup", "target": "europe stripe show", "value": 2}, {"source": "#EurAsiaCup", "target": "glenmarie golf country", "value": 2}, {"source": "#EurAsiaCup", "target": "in the eurasiacup", "value": 2}, {"source": "#EurAsiaCup", "target": "stripe show eurasiacup", "value": 2}, {"source": "#EurAsiaCup", "target": "golf country club", "value": 2}, {"source": "#EurAsiaCup", "target": "team europe stripe", "value": 2}, {"source": "#EurAsiaCup", "target": "dubai before heading", "value": 2}, {"source": "#EurAsiaCup", "target": "back nine practise", "value": 2}, {"source": "#EurAsiaCup", "target": "practicing in dubai", "value": 2}, {"source": "#EurAsiaCup", "target": "pieters practicing in", "value": 2}, {"source": "#EurAsiaCup", "target": "what happened at", "value": 2}, {"source": "#EurAsiaCup", "target": "eurasiacup in malaysia", "value": 2}, {"source": "#EurAsiaCup", "target": "this morningteameurope eurasiacup", "value": 2}, {"source": "#EurAsiaCup", "target": "happened at the", "value": 2}, {"source": "#EurAsiaCup", "target": "practise this morningteameurope", "value": 2}, {"source": "#EurAsiaCup", "target": "at the last", "value": 2}, {"source": "#EurAsiaCup", "target": "nine practise this", "value": 2}, {"source": "#EurAsiaCup", "target": "to the eurasiacup", "value": 2}, {"source": "#EurAsiaCup", "target": "golfingworld rt europeantour", "value": 2}, {"source": "#EurAsiaCup", "target": "at glenmarie golf", "value": 2}, {"source": "#MH370", "target": "search for mh370", "value": 3}, {"source": "#MH370", "target": "the search for", "value": 3}, {"source": "#MH370", "target": "search for missing", "value": 3}, {"source": "#MH370", "target": "malaysia airlines flight", "value": 3}, {"source": "#MH370", "target": "airlines flight mh370", "value": 3}, {"source": "#MH370", "target": "missing malaysia airlines", "value": 3}, {"source": "#MH370", "target": "ocean infinity to", "value": 3}, {"source": "#MH370", "target": "company ocean infinity", "value": 3}, {"source": "#MH370", "target": "resume search for", "value": 3}, {"source": "#MH370", "target": "for missing malaysia", "value": 3}, {"source": "#MH370", "target": "the malaysian government", "value": 3}, {"source": "#MH370", "target": "search for the", "value": 3}, {"source": "#MH370", "target": "to resume search", "value": 3}, {"source": "#MH370", "target": "malaysian government has", "value": 3}, {"source": "#MH370", "target": "for missing mh370", "value": 3}, {"source": "#MH370", "target": "to 70 million", "value": 3}, {"source": "#MH370", "target": "up to 70", "value": 3}, {"source": "#MH370", "target": "for malaysia airlines", "value": 3}, {"source": "#MH370", "target": "of the biggest", "value": 3}, {"source": "#MH370", "target": "for the missing", "value": 3}, {"source": "#iHeartAwards", "target": "iheartawards bestboyband bts", "value": 4}, {"source": "#iHeartAwards", "target": "bestboyband bts btstwt", "value": 4}, {"source": "#iHeartAwards", "target": "bestfanarmy btsarmy btstwt", "value": 4}, {"source": "#iHeartAwards", "target": "iheartawards bestfanarmy btsarmy", "value": 4}, {"source": "#iHeartAwards", "target": "rt to vote", "value": 4}, {"source": "#iHeartAwards", "target": "bts for bestboyband", "value": 4}, {"source": "#iHeartAwards", "target": "vote bts for", "value": 4}, {"source": "#iHeartAwards", "target": "bestboyband at iheartawards", "value": 4}, {"source": "#iHeartAwards", "target": "for bestboyband at", "value": 4}, {"source": "#iHeartAwards", "target": "i vote bts", "value": 4}, {"source": "#iHeartAwards", "target": "for the bestboyband", "value": 4}, {"source": "#iHeartAwards", "target": "to vote iheartawards", "value": 4}, {"source": "#iHeartAwards", "target": "btsarmy bestfanarmy iheartawards", "value": 4}, {"source": "#iHeartAwards", "target": "for the iheartawards", "value": 4}, {"source": "#iHeartAwards", "target": "at iheartawards btstwt", "value": 4}, {"source": "#iHeartAwards", "target": "bts bestboyband iheartawards", "value": 4}, {"source": "#iHeartAwards", "target": "iheartawards btsarmy bestfanarmy", "value": 4}, {"source": "#iHeartAwards", "target": "at the iheartawards", "value": 4}, {"source": "#iHeartAwards", "target": "btstwt btsarmy bestfanarmy", "value": 4}, {"source": "#iHeartAwards", "target": "whydontwemusic for the", "value": 4}, {"source": "#kltu", "target": "selamat sampai ke", "value": 5}, {"source": "#kltu", "target": "lancar di sepanjang", "value": 5}, {"source": "#kltu", "target": "sampai ke destinasi", "value": 5}, {"source": "#kltu", "target": "di sepanjang lebuhraya", "value": 5}, {"source": "#kltu", "target": "trafik lancar di", "value": 5}, {"source": "#kltu", "target": "kecamatancisitu batudua kltu", "value": 5}, {"source": "#kltu", "target": "trafik bergerak lancarcuaca", "value": 5}, {"source": "#kltu", "target": "landscape pagipagi at", "value": 5}, {"source": "#kltu", "target": "at cisituwisata kecamatancisitu", "value": 5}, {"source": "#kltu", "target": "good landscape pagipagi", "value": 5}, {"source": "#kltu", "target": "lebuhraya lekas e21", "value": 5}, {"source": "#kltu", "target": "batudua kltu jbtu", "value": 5}, {"source": "#kltu", "target": "cisituwisata kecamatancisitu batudua", "value": 5}, {"source": "#kltu", "target": "kltu jbtu sumedang", "value": 5}, {"source": "#kltu", "target": "pagipagi at cisituwisata", "value": 5}, {"source": "#kltu", "target": "lama hatihati memandu", "value": 5}, {"source": "#kltu", "target": "fasa dipersimpangan kuchai", "value": 5}, {"source": "#kltu", "target": "3 fasa dipersimpangan", "value": 5}, {"source": "#kltu", "target": "bergerak lancarcuaca baikselamat", "value": 5}, {"source": "#kltu", "target": "dipersimpangan kuchai lama", "value": 5}, {"source": "Guan Eng", "target": "lim guan eng", "value": 6}, {"source": "Guan Eng", "target": "says guan eng", "value": 6}, {"source": "Guan Eng", "target": "guan eng asks", "value": 6}, {"source": "Guan Eng", "target": "you investigating guan", "value": 6}, {"source": "Guan Eng", "target": "investigating guan eng", "value": 6}, {"source": "Guan Eng", "target": "tunnel probe what", "value": 6}, {"source": "Guan Eng", "target": "are you investigating", "value": 6}, {"source": "Guan Eng", "target": "what are you", "value": 6}, {"source": "Guan Eng", "target": "probe what are", "value": 6}, {"source": "Guan Eng", "target": "26 may 25", "value": 6}, {"source": "Guan Eng", "target": "eng asks macc", "value": 6}, {"source": "Guan Eng", "target": "pledges guan eng", "value": 6}, {"source": "Guan Eng", "target": "guan engs graft", "value": 6}, {"source": "Guan Eng", "target": "engs graft trial", "value": 6}, {"source": "Guan Eng", "target": "march 26 may", "value": 6}, {"source": "Guan Eng", "target": "guan eng adm", "value": 6}, {"source": "Guan Eng", "target": "for march 26", "value": 6}, {"source": "Guan Eng", "target": "will not forget", "value": 6}, {"source": "Guan Eng", "target": "eng asks of", "value": 6}, {"source": "Guan Eng", "target": "they electionrelated guan", "value": 6}, {"source": "Iraq", "target": "in iraq and", "value": 7}, {"source": "Iraq", "target": "the iraq war", "value": 7}, {"source": "Iraq", "target": "iraq and afghanistan", "value": 7}, {"source": "Iraq", "target": "invasion of iraq", "value": 7}, {"source": "Iraq", "target": "was purged from", "value": 7}, {"source": "Iraq", "target": "serving in iraq", "value": 7}, {"source": "Iraq", "target": "war in iraq", "value": 7}, {"source": "Iraq", "target": "who was purged", "value": 7}, {"source": "Iraq", "target": "2018 afc u23", "value": 7}, {"source": "Iraq", "target": "different battles in", "value": 7}, {"source": "Iraq", "target": "30 2017 rip", "value": 7}, {"source": "Iraq", "target": "members of isis", "value": 7}, {"source": "Iraq", "target": "in iraq he", "value": 7}, {"source": "Iraq", "target": "in different battles", "value": 7}, {"source": "Iraq", "target": "killed almost 350", "value": 7}, {"source": "Iraq", "target": "in changshu china", "value": 7}, {"source": "Iraq", "target": "assigned to the", "value": 7}, {"source": "Iraq", "target": "after he killed", "value": 7}, {"source": "Iraq", "target": "afc u23 championship", "value": 7}, {"source": "Iraq", "target": "350 members of", "value": 7}, {"source": "Japan", "target": "on dmm japan", "value": 8}, {"source": "Japan", "target": "you want to", "value": 8}, {"source": "Japan", "target": "go to japan", "value": 8}, {"source": "Japan", "target": "the lisiting on", "value": 8}, {"source": "Japan", "target": "if you want", "value": 8}, {"source": "Japan", "target": "japan pro wrestling", "value": 8}, {"source": "Japan", "target": "lisiting on dmm", "value": 8}, {"source": "Japan", "target": "went to japan", "value": 8}, {"source": "Japan", "target": "hours away 27", "value": 8}, {"source": "Japan", "target": "of the year", "value": 8}, {"source": "Japan", "target": "day like this", "value": 8}, {"source": "Japan", "target": "in japan tomorrow", "value": 8}, {"source": "Japan", "target": "japan is only", "value": 8}, {"source": "Japan", "target": "luxurytravel hokkaido niseko", "value": 8}, {"source": "Japan", "target": "i dont think", "value": 8}, {"source": "Japan", "target": "hokkaido niseko japan", "value": 8}, {"source": "Japan", "target": "27 million users", "value": 8}, {"source": "Japan", "target": "tokyo and kyoto", "value": 8}, {"source": "Japan", "target": "to go to", "value": 8}, {"source": "Japan", "target": "only hours away", "value": 8}, {"source": "Kuala Lumpur", "target": "in kuala lumpur", "value": 9}, {"source": "Kuala Lumpur", "target": "kuala lumpur malaysia", "value": 9}, {"source": "Kuala Lumpur", "target": "from kuala lumpur", "value": 9}, {"source": "Kuala Lumpur", "target": "to kuala lumpur", "value": 9}, {"source": "Kuala Lumpur", "target": "at kuala lumpur", "value": 9}, {"source": "Kuala Lumpur", "target": "malaysia kl kualalumpur", "value": 9}, {"source": "Kuala Lumpur", "target": "fanmeeting in kuala", "value": 9}, {"source": "Kuala Lumpur", "target": "wanna one 1st", "value": 9}, {"source": "Kuala Lumpur", "target": "is definitely the", "value": 9}, {"source": "Kuala Lumpur", "target": "definitely the only", "value": 9}, {"source": "Kuala Lumpur", "target": "luxuryhotel luxurytravel luxuryspa", "value": 9}, {"source": "Kuala Lumpur", "target": "the only place", "value": 9}, {"source": "Kuala Lumpur", "target": "this is definitely", "value": 9}, {"source": "Kuala Lumpur", "target": "only place to", "value": 9}, {"source": "Kuala Lumpur", "target": "kl kualalumpur majestichotel", "value": 9}, {"source": "Kuala Lumpur", "target": "majestichotel luxuryhotel luxurytravel", "value": 9}, {"source": "Kuala Lumpur", "target": "hotel kuala lumpur", "value": 9}, {"source": "Kuala Lumpur", "target": "kualalumpur majestichotel luxuryhotel", "value": 9}, {"source": "Kuala Lumpur", "target": "majestic hotel kuala", "value": 9}, {"source": "Kuala Lumpur", "target": "fm in kuala", "value": 9}, {"source": "Saudi Arabia", "target": "in saudi arabia", "value": 10}, {"source": "Saudi Arabia", "target": "saudi arabia to", "value": 10}, {"source": "Saudi Arabia", "target": "saudi arabia and", "value": 10}, {"source": "Saudi Arabia", "target": "to saudi arabia", "value": 10}, {"source": "Saudi Arabia", "target": "of saudi arabia", "value": 10}, {"source": "Saudi Arabia", "target": "to perform umrah", "value": 10}, {"source": "Saudi Arabia", "target": "saudi arabia is", "value": 10}, {"source": "Saudi Arabia", "target": "from saudi arabia", "value": 10}, {"source": "Saudi Arabia", "target": "for the first", "value": 10}, {"source": "Saudi Arabia", "target": "arabia to perform", "value": 10}, {"source": "Saudi Arabia", "target": "women in saudi", "value": 10}, {"source": "Saudi Arabia", "target": "arabia will be", "value": 10}, {"source": "Saudi Arabia", "target": "the first time", "value": 10}, {"source": "Saudi Arabia", "target": "saudi arabia will", "value": 10}, {"source": "Saudi Arabia", "target": "matches for the", "value": 10}, {"source": "Saudi Arabia", "target": "salman has embarked", "value": 10}, {"source": "Saudi Arabia", "target": "saudi arabia117 italy154", "value": 10}, {"source": "Saudi Arabia", "target": "france159 us167 uk176", "value": 10}, {"source": "Saudi Arabia", "target": "has embarked on", "value": 10}, {"source": "Saudi Arabia", "target": "bin salman has", "value": 10}]}